-- 1. Insert into users
INSERT INTO users (full_name, username, email, phone, password, role, created_at) VALUES
('Nguyen Van A', 'admin', 'admin@example.com', '0912345671', '$2a$12$Qtiw5reG1xJc.DVdl4kVneibqx2z59o6KZriZGmUWlqJ.daEfd9u2', 'admin', NOW()),
('Nguyen Van B', 'staff', 'staff@example.com', '0912345672', '$2a$12$Qtiw5reG1xJc.DVdl4kVneibqx2z59o6KZriZGmUWlqJ.daEfd9u2', 'staff', NOW())



-- movies
--INSERT INTO movies (title, duration, release_date, description) VALUES
--('The Hero Returns', 120, '2025-01-01', 'An epic tale of heroism.'),
--('Laughing Out Loud', 90, '2025-02-10', 'A hilarious comedy.'),
--('Haunted Nights', 110, '2025-03-15', 'A chilling horror story.');

--INSERT INTO movies (title, duration, release_date, description) VALUES
--('The Hero Returns', 120, '2025-01-01 00:00:00', 'An epic tale of heroism.'),
--('Laughing Out Loud', 90, '2025-02-10 00:00:00', 'A hilarious comedy.'),
--('Haunted Nights', 110, '2025-03-15 00:00:00', 'A chilling horror story.');



-- rooms
INSERT INTO rooms (room_number, total_seats) VALUES
(1, 126),
(2, 126),
( 3, 126);

-- movie genres
INSERT INTO movie_genres (name) VALUES
('Action'),
('Comedy'),
('Drama'),
('Horror'),
('Romance'),
('Sci-Fi'),
('Thriller'),
('Animation');



-- Movie movie genres
INSERT INTO movie_movie_genres (movie_id, genre_id) VALUES
(1, 1), (1, 5),
(2, 2), (2, 6),
(3, 4), (3, 7);




-- seat types
INSERT INTO seat_types (name, price) VALUES
('Standard', 100000),
('Premium', 150000),
('Double', 300000),
('VIP', 200000);


-- seat
INSERT INTO seats (room_id, seat_type_id, `row`, col_number) VALUES
(1, 1, 'A', 1), (1, 1, 'A', 2), (1, 1, 'A', 3), (1, 1, 'A', 4),
(1, 1, 'A', 5), (1, 1, 'A', 6), (1, 1, 'A', 7), (1, 1, 'A', 8),
(1, 1, 'A', 9), (1, 1, 'A', 10), (1, 1, 'A', 11), (1, 1, 'A', 12),
(1, 1, 'A', 13), (1, 1, 'A', 14),
(1, 1, 'B', 1), (1, 1, 'B', 2), (1, 1, 'B', 3), (1, 1, 'B', 4),
(1, 1, 'B', 5), (1, 1, 'B', 6), (1, 1, 'B', 7), (1, 1, 'B', 8),
(1, 1, 'B', 9), (1, 1, 'B', 10), (1, 1, 'B', 11), (1, 1, 'B', 12),
(1, 1, 'B', 13), (1, 1, 'B', 14),
(1, 1, 'C', 1), (1, 1, 'C', 2), (1, 1, 'C', 3), (1, 1, 'C', 4),
(1, 1, 'C', 5), (1, 1, 'C', 6), (1, 1, 'C', 7), (1, 1, 'C', 8),
(1, 1, 'C', 9), (1, 1, 'C', 10), (1, 1, 'C', 11), (1, 1, 'C', 12),
(1, 1, 'C', 13), (1, 1, 'C', 14),
(1, 1, 'D', 1), (1, 1, 'D', 2), (1, 1, 'D', 3), (1, 1, 'D', 4),
(1, 1, 'D', 5), (1, 1, 'D', 6), (1, 1, 'D', 7), (1, 1, 'D', 8),
(1, 1, 'D', 9), (1, 1, 'D', 10), (1, 1, 'D', 11), (1, 1, 'D', 12),
(1, 1, 'D', 13), (1, 1, 'D', 14),
(1, 1, 'E', 1), (1, 1, 'E', 2), (1, 1, 'E', 3), (1, 1, 'E', 4),
(1, 1, 'E', 5), (1, 1, 'E', 6), (1, 1, 'E', 7), (1, 1, 'E', 8),
(1, 1, 'E', 9), (1, 1, 'E', 10), (1, 1, 'E', 11), (1, 1, 'E', 12),
(1, 1, 'E', 13), (1, 1, 'E', 14),
(1, 1, 'F', 1), (1, 1, 'F', 2), (1, 1, 'F', 3), (1, 1, 'F', 4),
(1, 1, 'F', 5), (1, 1, 'F', 6), (1, 1, 'F', 7), (1, 1, 'F', 8),
(1, 1, 'F', 9), (1, 1, 'F', 10), (1, 1, 'F', 11), (1, 1, 'F', 12),
(1, 1, 'F', 13), (1, 1, 'F', 14),
(1, 1, 'G', 1), (1, 1, 'G', 2), (1, 1, 'G', 3), (1, 1, 'G', 4),
(1, 1, 'G', 5), (1, 1, 'G', 6), (1, 1, 'G', 7), (1, 1, 'G', 8),
(1, 1, 'G', 9), (1, 1, 'G', 10), (1, 1, 'G', 11), (1, 1, 'G', 12),
(1, 1, 'G', 13), (1, 1, 'G', 14),
(1, 1, 'H', 1), (1, 1, 'H', 2), (1, 1, 'H', 3), (1, 1, 'H', 4),
(1, 1, 'H', 5), (1, 1, 'H', 6), (1, 1, 'H', 7), (1, 1, 'H', 8),
(1, 1, 'H', 9), (1, 1, 'H', 10), (1, 1, 'H', 11), (1, 1, 'H', 12),
(1, 1, 'H', 13), (1, 1, 'H', 14),
(1, 1, 'I', 1), (1, 1, 'I', 2), (1, 1, 'I', 3), (1, 1, 'I', 4),
(1, 1, 'I', 5), (1, 1, 'I', 6), (1, 1, 'I', 7), (1, 1, 'I', 8),
(1, 1, 'I', 9), (1, 1, 'I', 10), (1, 1, 'I', 11), (1, 1, 'I', 12),
(1, 1, 'I', 13), (1, 1, 'I', 14),

(2, 1, 'A', 1), (2, 1, 'A', 2), (2, 1, 'A', 3), (2, 1, 'A', 4),
(2, 1, 'A', 5), (2, 1, 'A', 6), (2, 1, 'A', 7), (2, 1, 'A', 8),
(2, 1, 'A', 9), (2, 1, 'A', 10), (2, 1, 'A', 11), (2, 1, 'A', 12),
(2, 1, 'A', 13), (2, 1, 'A', 14),
(2, 1, 'B', 1), (2, 1, 'B', 2), (2, 1, 'B', 3), (2, 1, 'B', 4),
(2, 1, 'B', 5), (2, 1, 'B', 6), (2, 1, 'B', 7), (2, 1, 'B', 8),
(2, 1, 'B', 9), (2, 1, 'B', 10), (2, 1, 'B', 11), (2, 1, 'B', 12),
(2, 1, 'B', 13), (2, 1, 'B', 14),
(2, 1, 'C', 1), (2, 1, 'C', 2), (2, 1, 'C', 3), (2, 1, 'C', 4),
(2, 1, 'C', 5), (2, 1, 'C', 6), (2, 1, 'C', 7), (2, 1, 'C', 8),
(2, 1, 'C', 9), (2, 1, 'C', 10), (2, 1, 'C', 11), (2, 1, 'C', 12),
(2, 1, 'C', 13), (2, 1, 'C', 14),
(2, 1, 'D', 1), (2, 1, 'D', 2), (2, 1, 'D', 3), (2, 1, 'D', 4),
(2, 1, 'D', 5), (2, 1, 'D', 6), (2, 1, 'D', 7), (2, 1, 'D', 8),
(2, 1, 'D', 9), (2, 1, 'D', 10), (2, 1, 'D', 11), (2, 1, 'D', 12),
(2, 1, 'D', 13), (2, 1, 'D', 14),
(2, 1, 'E', 1), (2, 1, 'E', 2), (2, 1, 'E', 3), (2, 1, 'E', 4),
(2, 1, 'E', 5), (2, 1, 'E', 6), (2, 1, 'E', 7), (2, 1, 'E', 8),
(2, 1, 'E', 9), (2, 1, 'E', 10), (2, 1, 'E', 11), (2, 1, 'E', 12),
(2, 1, 'E', 13), (2, 1, 'E', 14),
(2, 1, 'F', 1), (2, 1, 'F', 2), (2, 1, 'F', 3), (2, 1, 'F', 4),
(2, 1, 'F', 5), (2, 1, 'F', 6), (2, 1, 'F', 7), (2, 1, 'F', 8),
(2, 1, 'F', 9), (2, 1, 'F', 10), (2, 1, 'F', 11), (2, 1, 'F', 12),
(2, 1, 'F', 13), (2, 1, 'F', 14),
(2, 1, 'G', 1), (2, 1, 'G', 2), (2, 1, 'G', 3), (2, 1, 'G', 4),
(2, 1, 'G', 5), (2, 1, 'G', 6), (2, 1, 'G', 7), (2, 1, 'G', 8),
(2, 1, 'G', 9), (2, 1, 'G', 10), (2, 1, 'G', 11), (2, 1, 'G', 12),
(2, 1, 'G', 13), (2, 1, 'G', 14);

-- showtimes
INSERT INTO showtimes (movie_id, room_id, show_date, show_time) VALUES
(1, 1, '2025-03-20', '10:00'), (1, 1, '2025-03-20', '13:00'),
(1, 1, '2025-03-20', '16:00'), (1, 1, '2025-03-20', '19:00'),
(1, 1, '2025-03-21', '10:00'), (1, 1, '2025-03-21', '13:00'),
(1, 1, '2025-03-21', '16:00'), (1, 1, '2025-03-21', '19:00'),
(2, 2, '2025-03-22', '11:00'), (2, 2, '2025-03-22', '14:00'),
(2, 2, '2025-03-22', '17:00'), (2, 2, '2025-03-22', '20:00'),
(3, 3, '2025-03-23', '12:00'), (3, 3, '2025-03-23', '15:00'),
(3, 3, '2025-03-23', '18:00'), (3, 3, '2025-03-23', '21:00'),
(1, 2, '2025-03-24', '10:00'), (1, 2, '2025-03-24', '13:00'),
(1, 2, '2025-03-24', '16:00'), (1, 2, '2025-03-24', '19:00'),
(2, 3, '2025-03-25', '11:00'), (2, 3, '2025-03-25', '14:00'),
(2, 3, '2025-03-25', '17:00'), (3, 1,'2025-03-25', '20:00'),
(3, 1, '2025-03-26', '12:00'), (1, 2,'2025-03-26', '15:00'),
(3, 1, '2025-03-26', '18:00'), (3, 1, '2025-03-26', '21:00'),
(1, 3, '2025-03-27', '10:00'), (1, 3, '2025-03-27', '13:00'),
(1, 3, '2025-03-27', '16:00'), (1, 3, '2025-03-27', '19:00'),
(2, 1, '2025-03-28', '11:00'), (2, 1, '2025-03-28', '14:00'),
(2, 1, '2025-03-28', '17:00'), (2, 1, '2025-03-28', '20:00'),
(3, 2, '2025-03-29', '12:00'), (3, 2, '2025-03-29', '15:00'),
(3, 2, '2025-03-29', '18:00'), (3, 2, '2025-03-29', '21:00');


-- bookings
INSERT INTO bookings (user_id, showtime_id, total_tickets, total_price) VALUES
(1, 1, 2, 200000),
(1, 2, 4, 400000),
(2, 9, 1, 100000),
(2, 13, 3, 300000);

-- payment
INSERT INTO payments (booking_id, payment_method, status) VALUES
(1, 'Credit Card', 'Completed'),
(2, 'PayPal', 'Completed'),
(3, 'Cash', 'Pending'),
(4, 'Credit Card', 'Completed');


-- booking detail
INSERT INTO booking_details (booking_id, seat_id, price) VALUES
(1, 1, 100000), (1, 2, 100000),
(2, 15, 100000), (2, 16, 100000), (2, 17, 100000), (2, 18, 100000),
(3, 43, 100000),
(4, 85, 100000), (4, 86, 100000), (4, 87, 100000);